[{"pos_x": 164.5, "pos_y": -95.0, "rotation": 180.0, "side": "top", "designator": "C2", "mpn": null, "pack": "C_0805_2012Metric", "value": "4.7uF", "mount_type": "smt"}, {"pos_x": 154.5, "pos_y": -103.5, "rotation": 0.0, "side": "top", "designator": "R1", "mpn": null, "pack": "R_0402_1005Metric", "value": "1k", "mount_type": "smt"}, {"pos_x": 157.0, "pos_y": -95.0, "rotation": 0.0, "side": "top", "designator": "C1", "mpn": null, "pack": "C_0805_2012Metric", "value": "4.7uF", "mount_type": "smt"}, {"pos_x": 168.5, "pos_y": -94.925, "rotation": 0.0, "side": "top", "designator": "J2", "mpn": null, "pack": "PinHeader_1x05_P2.54mm_Vertical", "value": "Conn_01x05_Pin", "mount_type": "tht"}, {"pos_x": 154.5, "pos_y": -101.5, "rotation": 0.0, "side": "top", "designator": "R3", "mpn": null, "pack": "R_0402_1005Metric", "value": "5k1", "mount_type": "smt"}, {"pos_x": 154.5, "pos_y": -105.0, "rotation": 0.0, "side": "top", "designator": "D1", "mpn": null, "pack": "LED_0603_1608Metric", "value": "RED", "mount_type": "smt"}, {"pos_x": 162.0, "pos_y": -99.5, "rotation": 0.0, "side": "top", "designator": "U1", "mpn": null, "pack": "SOT-223-3_TabPin2", "value": "AMS1117-3.3", "mount_type": "smt"}, {"pos_x": 147.5, "pos_y": -100.0, "rotation": -90.0, "side": "top", "designator": "J1", "mpn": null, "pack": "USB_C_Receptacle_HRO_TYPE-C-31-M-12", "value": "USB_C_Receptacle_USB2.0_16P", "mount_type": "smt"}, {"pos_x": 154.5, "pos_y": -98.5, "rotation": 0.0, "side": "top", "designator": "R2", "mpn": null, "pack": "R_0402_1005Metric", "value": "5k1", "mount_type": "smt"}]